INSERT INTO ENDERECO VALUES ('50740000', 100, 'Avenida Central');
INSERT INTO ENDERECO VALUES ('50030230', 250, 'Rua das Flores');
INSERT INTO ENDERECO VALUES ('51020000', 50, 'Avenida do Sol');
INSERT INTO ENDERECO VALUES ('52011000', 120, 'Rua da Paz');

INSERT INTO PESSOA VALUES ('11111111111', 'Ana', 'Silva', '50740000', 100, 'Térreo', 'F', TO_DATE('1985-04-12', 'YYYY-MM-DD'));
INSERT INTO PESSOA VALUES ('22222222222', 'Carlos', 'Mendes', '50030230', 250, 'Sala 2', 'M', TO_DATE('1990-08-22', 'YYYY-MM-DD'));
INSERT INTO PESSOA VALUES ('33333333333', 'Beatriz', 'Lima', '51020000', 50, 'Apto 101', 'F', TO_DATE('1995-11-05', 'YYYY-MM-DD'));
INSERT INTO PESSOA VALUES ('44444444444', 'Diego', 'Costa', '52011000', 120, 'Casa', 'M', TO_DATE('1988-01-30', 'YYYY-MM-DD'));

INSERT INTO TELEFONE_PESSOA VALUES ('11111111111', 81, 999991111);
INSERT INTO TELEFONE_PESSOA VALUES ('22222222222', 81, 988882222);
INSERT INTO TELEFONE_PESSOA VALUES ('33333333333', 81, 977773333);

INSERT INTO CARGO VALUES ('Enfermeiro', 'Triagem', 4500.00);
INSERT INTO CARGO VALUES ('Médico', 'Coleta', 12000.00);

INSERT INTO FUNCIONARIO VALUES ('11111111111', NULL, 'Médico', 'Manhã', 'Ativo', 'Superior', TO_DATE('2020-01-15', 'YYYY-MM-DD'));
INSERT INTO FUNCIONARIO VALUES ('22222222222', '11111111111', 'Enfermeiro', 'Tarde', 'Ativo', 'Superior', TO_DATE('2022-03-10', 'YYYY-MM-DD'));

INSERT INTO DOADOR VALUES ('33333333333', 'Recife', 'PE', 'O+', 'Maria Lima', 65.5, 1.68, 'Solteira', '81999990000');
INSERT INTO DOADOR VALUES ('44444444444', 'Olinda', 'PE', 'A-', 'Joana Costa', 80.0, 1.82, 'Casado', '81988880000');

CREATE SEQUENCE seq_triagem
INCREMENT BY 1 START WITH 1;

INSERT INTO TRIAGEM VALUES (seq_triagem.NEXTVAL, 120, 80);
INSERT INTO TRIAGEM VALUES (seq_triagem.NEXTVAL, 130, 85);

INSERT INTO DOENCAS_TRIAGEM VALUES (1, 'Dengue', TO_DATE('2023-05-10', 'YYYY-MM-DD'), 'N');
INSERT INTO DOENCAS_TRIAGEM VALUES (2, 'Rinite', NULL, 'S');

INSERT INTO MEDICACOES_TRIAGEM VALUES (2, 'Loratadina', '10mg');

INSERT INTO TRIA VALUES (1, '33333333333', '22222222222', TO_DATE('2024-05-01', 'YYYY-MM-DD'));
INSERT INTO TRIA VALUES (2, '44444444444', '22222222222', TO_DATE('2024-05-02', 'YYYY-MM-DD'));

INSERT INTO HEMOCENTRO VALUES ('12345678000199', '50740000', 100, 'Térreo', 'Hemocentro Esperança', 500);

INSERT INTO DOACAO VALUES ('33333333333', TO_DATE('2024-05-01', 'YYYY-MM-DD'), 450, '12345678000199');
INSERT INTO DOACAO VALUES ('44444444444', TO_DATE('2024-05-02', 'YYYY-MM-DD'), 450, '12345678000199');

INSERT INTO TELEFONE_HEMOCENTRO VALUES ('12345678000199', 81, 933334444);

INSERT INTO HEMOCOMPONENTE VALUES (1001, 'Hemácias', 'O+', 250, TO_DATE('2024-06-05', 'YYYY-MM-DD'), TO_DATE('2024-05-01', 'YYYY-MM-DD'));
INSERT INTO HEMOCOMPONENTE VALUES (1002, 'Plasma', 'A-', 150, TO_DATE('2025-05-02', 'YYYY-MM-DD'), TO_DATE('2024-05-02', 'YYYY-MM-DD'));

INSERT INTO AGENCIA VALUES ('98765432000188', '50030230', 250, 'Sala 2');

INSERT INTO TELEFONE_AGENCIA VALUES ('98765432000188', 81, 922225555);

INSERT INTO LOTE VALUES (1001, '12345678000199', NULL, '98765432000188');
INSERT INTO LOTE VALUES (1002, '12345678000199', NULL, NULL);